,AESL_inst_mobilenet_v1_qat,,module_status1.csv
,grp_mobilenet_v1_qat_Pipeline_LOAD_IC_LOAD_IH_LOAD_IW_fu_645,,module_status2.csv
,grp_conv0_qat_fu_683,,module_status3.csv
,grp_dw0_qat_fu_779,,module_status4.csv
,grp_pw0_qat_fu_814,,module_status5.csv
,grp_dw1_qat_fu_835,,module_status6.csv
,grp_pw1_qat_fu_870,,module_status7.csv
,grp_dw2_qat_fu_891,,module_status8.csv
,grp_pw2_qat_fu_926,,module_status9.csv
,grp_dw3_qat_fu_954,,module_status10.csv
,grp_pw3_qat_fu_996,,module_status11.csv
,grp_mobilenet_v1_qat_Pipeline_GAP_C_fu_1010,,module_status12.csv
,grp_fc_qat_fu_1017,,module_status13.csv
grp_fc_qat_fu_1017,grp_fc_qat_Pipeline_FC_IC_fu_197,,module_status14.csv
,grp_mobilenet_v1_qat_Pipeline_STORE_O_fu_1043,,module_status15.csv
